{"none": [-0.33171350613801887, -0.31937242408142363, -0.30936341257990096, -0.2898785199761038, -0.2853739703716105, -0.27866273346228326], "RND": [-0.3462936825086792, -0.34440488806940084, -0.31517323656528334, -0.31268229323485686, -0.3076498776496305, -0.3069238409886386], "MD": [-0.3311232793478837, -0.3122623522254887, -0.2943170496614579, -0.2862036518536647, -0.2795737438680641, -0.26564095375101093]}