{"none": [-2.341345803549446, -1.8289934958868863, -1.3382049756951315, -1.2345343422911579, -1.11667381885634, -1.0250446065406813, -0.9532708045143706, -0.8817322710157729], "RND": [-2.263646309403873, -1.774156687698728, -1.3969010772318982, -1.3140825459338024, -1.0504472197183785, -1.0257438984785718, -0.9624122381485861, -0.9411385220378083], "MD": [-2.250021070614868, -1.695983009634605, -1.5104247354030735, -1.3289841657725456, -1.0899960248651224, -0.9630655116292958, -0.8436862283234576, -0.7467052857719042]}