{"none": [-0.549617701895896, -0.3796794796902699, -0.32587766496949877, -0.3074055750123272, -0.28521238105543806, -0.2632899369517259, -0.24401748048671168, -0.23521587005886205], "RND": [-0.5611385976832434, -0.43669219338571535, -0.35762837448995427, -0.3472241282073631, -0.2884869284408792, -0.27634791909498757, -0.2649678938695793, -0.25770049644297965], "MD": [-0.5312888806326781, -0.4145086552062869, -0.33263526212494793, -0.29818791275059114, -0.27206788172184027, -0.256452499686202, -0.2302465663660929, -0.21544508940898716]}